,count,mean,std,min,25%,50%,75%,max
wind_speed,187923.0,13.497739876994608,6.642833196167911,2.000051227801266,7.732633285349357,13.491086553406312,19.248968228605484,24.999876012891924
wind_direction,187923.0,180.16265759641743,103.74361084665473,0.0001867840439517,90.53362301253648,180.2968580064975,269.81307490032293,359.9993933499436
air_density,187923.0,1.1999895897446544,0.05770124313514691,1.1000010494837311,1.1501735204855899,1.1998261310277931,1.2499922832667487,1.299998985966834
temperature,187923.0,17.538688404438794,13.003659600049714,-4.999962523524717,6.252721150159953,17.580924562419554,28.798315631609256,39.99967677105661
blade_angle,187923.0,14.9928642938253,8.659557990399827,1.5176770393754424e-05,7.489901298723088,14.976370014869604,22.49397159620652,29.99993343644924
rotor_speed,187923.0,14.985011681808068,5.768203357055234,5.00006478349567,9.987015716058792,14.965795912267426,19.972452519192064,24.99983878243577
generator_efficiency,187923.0,0.9148906943003059,0.03746573878457917,0.8500004198587132,0.8825385425108195,0.9148986008691844,0.9473173850012455,0.9799993797703082
altitude,187923.0,749.6034786498885,432.3914650630921,0.0076666417872517,375.54008491864965,750.0277502043036,1123.0943368599558,1499.9987570917433
humidity,187923.0,57.514152273804974,21.639749092261617,20.000612749798083,38.813291501476925,57.51975404558549,76.23673473886849,94.99935240932813
power_output,187923.0,21.30712281539508,22.31424422114244,0.0,0.0,15.422470205313362,34.881275189649756,136.80149409530324
