feature,importance
num__wind_speed,0.6817991891262831
num__air_density,0.03592372230108125
num__blade_angle,0.035505215752000135
num__generator_efficiency,0.03442752297962424
num__altitude,0.031984592987969934
num__rotor_speed,0.031433474273971904
num__wind_direction,0.031384339644409995
num__temperature,0.031109726599479425
num__humidity,0.030962790928217427
cat__technician_note_Noise detected,0.002703729816455193
cat__region_Offshore,0.002694528438789772
cat__technician_note_Minor vibration,0.002672009624239211
cat__technician_note_OK,0.0026418090696340222
cat__region_Mountain,0.0026191459893576104
cat__region_Coastal,0.0025978977418778977
cat__region_Plains,0.002591113465407046
cat__technician_note_Lubrication check,0.002587677475725062
cat__maintenance_status_Normal,0.0013503139125861936
cat__maintenance_status_Warning,0.0011213406249564002
cat__maintenance_status_Repair Scheduled,0.0007795141706358189
cat__turbine_id_TB0011,0.0006546287743948819
cat__turbine_id_TB0043,0.0006076873106200262
cat__turbine_id_TB0013,0.0005922753267283216
cat__turbine_id_TB0030,0.0005794528621132961
cat__turbine_id_TB0048,0.0005765491535687884
cat__turbine_id_TB0008,0.0005726843691804699
cat__turbine_id_TB0045,0.0005725538862168892
cat__turbine_id_TB0015,0.0005697725858751051
cat__turbine_id_TB0007,0.0005688499565302604
cat__turbine_id_TB0009,0.000560832334568276
cat__turbine_id_TB0012,0.0005565917561313117
cat__turbine_id_TB0026,0.0005561380026603536
cat__turbine_id_TB0060,0.0005537524843347818
cat__turbine_id_TB0025,0.0005494824676402158
cat__turbine_id_TB0057,0.0005491433942884463
cat__turbine_id_TB0006,0.0005480162991474556
cat__turbine_id_TB0028,0.0005473939230802973
cat__turbine_id_TB0032,0.0005473160025050601
cat__turbine_id_TB0016,0.0005464493904585009
cat__turbine_id_TB0054,0.0005425815690293503
cat__turbine_id_TB0039,0.0005399461026394935
cat__turbine_id_TB0055,0.0005380633447611149
cat__turbine_id_TB0036,0.0005378116389647092
cat__turbine_id_TB0035,0.0005377441720515209
cat__turbine_id_TB0047,0.0005328732119713995
cat__turbine_id_TB0014,0.0005326699459184719
cat__turbine_id_TB0034,0.0005314035737742494
cat__turbine_id_TB0042,0.0005300245591284301
cat__turbine_id_TB0058,0.0005281671841463624
cat__turbine_id_TB0053,0.0005255800881654081
cat__turbine_id_TB0023,0.0005238191103802963
cat__turbine_id_TB0019,0.0005233838515948893
cat__turbine_id_TB0003,0.0005205408604870466
cat__turbine_id_TB0021,0.0005177361192086585
cat__turbine_id_TB0033,0.0005176079477919354
cat__turbine_id_TB0038,0.0005140544199306956
cat__turbine_id_TB0041,0.0005128658582408186
cat__turbine_id_TB0005,0.0005117793542889298
cat__turbine_id_TB0018,0.0005103605603177578
cat__turbine_id_TB0052,0.0005028486421948261
cat__turbine_id_TB0002,0.0004999120530359024
cat__turbine_id_TB0017,0.0004984673807349744
cat__turbine_id_TB0001,0.000498150316179929
cat__turbine_id_TB0004,0.0004968694423638708
cat__turbine_id_TB0040,0.0004925282107949541
cat__turbine_id_TB0010,0.000491305784275052
cat__turbine_id_TB0020,0.0004805487615241008
cat__turbine_id_TB0056,0.0004796996764841599
cat__turbine_id_TB0024,0.0004753745048792863
cat__turbine_id_TB0059,0.00047281807521492425
cat__turbine_id_TB0037,0.00047266130900283496
cat__turbine_id_TB0050,0.00045363452666530573
cat__turbine_id_TB0044,0.0004510824197913958
cat__turbine_id_TB0029,0.00045065870737966395
cat__turbine_id_TB0031,0.0004504028299741356
cat__turbine_id_TB0049,0.0004406098872298575
cat__turbine_id_TB0027,0.0004399905821326704
cat__turbine_id_TB0022,0.00043022667060896877
cat__turbine_id_TB0051,0.00040007279338727093
cat__turbine_id_TB0046,0.000393898750609902
