model,feature,importance_encoded,importance,rank
Phase 2 - scikit-learn,wind_speed,0.6817991891262831,0.6817991891262831,1
Phase 2 - scikit-learn,air_density,0.0359237223010812,0.0359237223010812,2
Phase 2 - scikit-learn,blade_angle,0.0355052157520001,0.0355052157520001,3
Phase 2 - scikit-learn,generator_efficiency,0.0344275229796242,0.0344275229796242,4
Phase 2 - scikit-learn,altitude,0.0319845929879699,0.0319845929879699,5
Phase 2 - scikit-learn,rotor_speed,0.0314334742739719,0.0314334742739719,6
Phase 2 - scikit-learn,wind_direction,0.0313843396444099,0.0313843396444099,7
Phase 2 - scikit-learn,turbine_id,0.0311103450772952,0.0311103450772952,8
Phase 2 - scikit-learn,temperature,0.0311097265994794,0.0311097265994794,9
Phase 2 - scikit-learn,humidity,0.0309627909282174,0.0309627909282174,10
Phase 2 - scikit-learn,technician_note,0.010605225986053301,0.010605225986053301,11
Phase 2 - scikit-learn,region,0.0105026856354321,0.0105026856354321,12
Phase 2 - scikit-learn,maintenance_status,0.0032511687081783,0.0032511687081783,13
Phase 3 - Spark MLlib,wind_speed,0.8907088279864892,0.8907088279864892,1
Phase 3 - Spark MLlib,turbine_id,0.0265604869485003,0.0265604869485003,2
Phase 3 - Spark MLlib,air_density,0.0112951678626506,0.0112951678626506,3
Phase 3 - Spark MLlib,blade_angle,0.0103257799692509,0.0103257799692509,4
Phase 3 - Spark MLlib,generator_efficiency,0.0099708152067482,0.0099708152067482,5
Phase 3 - Spark MLlib,wind_direction,0.0084660184613704,0.0084660184613704,6
Phase 3 - Spark MLlib,temperature,0.008405679893887,0.008405679893887,7
Phase 3 - Spark MLlib,altitude,0.0080763937750588,0.0080763937750588,8
Phase 3 - Spark MLlib,rotor_speed,0.0079625867335522,0.0079625867335522,9
Phase 3 - Spark MLlib,humidity,0.0077858770313499,0.0077858770313499,10
Phase 3 - Spark MLlib,region,0.0041557846921763,0.0041557846921763,11
Phase 3 - Spark MLlib,technician_note,0.0041551340192293,0.0041551340192293,12
Phase 3 - Spark MLlib,maintenance_status,0.002131447419733,0.002131447419733,13
